{"PyTorch (single)": [13.06930001010187, 12.40839998354204, 14.02050000615418, 21.269599994411692, 15.505899995332584, 13.650200009578839, 15.194800012977794, 15.940000012051314, 14.239999989513308, 12.430100003257394, 13.00099998479709, 12.798599986126646, 11.966099991695955, 14.350199984619394, 12.30760000180453, 12.942900008056313, 13.248900009784847, 14.394600002560765, 16.986100003123283, 15.892199997324497, 16.564799996558577, 14.529899985063821, 17.481699993368238, 20.87450001272373, 19.434699992416427, 18.20170000428334, 22.16749999206513, 16.586999990977347, 17.920699989190325, 16.648199991323054, 18.260300013935193, 38.806800002930686, 21.725400001741946, 27.704999985871837, 20.39119999972172, 14.793300011660904, 14.395599981071427, 15.068499982589856, 19.11290001589805, 19.288000010419637, 18.816800002241507, 24.201599997468293, 19.361300015589222, 16.850699990754947, 17.01939999475144, 15.744099975563586, 12.831300002289936, 16.91979999304749, 17.02339999610558, 16.006499994546175, 19.31689999764785, 15.292600000975654, 13.984099990921095, 15.133199980482459, 16.452700016088784, 13.470100006088614, 14.556999987689778, 16.320299997460097, 14.821400021901354, 14.793000009376556, 14.025599986780435, 15.107100014574826, 15.273299999535084, 13.991299987537786, 14.895400003297254, 11.071700020693243, 14.15219999034889, 14.726600027643144, 12.916000006953254, 12.65429999330081, 13.481800007866696, 14.413500000955537, 13.504000002285466, 15.068100008647889, 13.646700012031943, 11.213699996005744, 11.896200012415648, 12.488999986089766, 10.59349998831749, 13.016200013225898, 14.442200015764683, 15.06639999570325, 13.39830001234077, 12.602700007846579, 13.100700016366318, 11.788599978899583, 12.593399995239452, 12.938200001372024, 12.975200021173805, 12.833899992983788, 11.449700017692521, 13.334799994481727, 12.483300000894815, 13.167600001906976, 14.076899999054149, 13.849600014509633, 15.078900003572926, 11.526099988259375, 11.625500017544255, 12.546400015708059], "PyTorch (batch=32)": [16.10360000631772, 15.844000008655712, 15.285100002074614, 18.01470000646077, 18.48030000110157, 20.689899974968284, 24.57370000774972, 24.30140000069514, 24.858699995093048, 23.31000001868233, 17.35990002634935, 22.19019999029115, 16.842099983477965, 21.5289999905508, 19.92150000296533, 24.997000000439584, 17.65009999508038, 21.068000001832843, 22.584199992707, 21.424899983685464, 22.19600000535138, 21.587400027783588, 18.227200023829937, 17.710000014631078, 21.61189998150803, 15.058599994517863, 18.83100002305582, 18.50249999552034, 17.778500012354925, 16.7453000030946, 17.101799981901422, 15.647799998987466, 17.44160000816919, 17.668699991190806, 16.80880002095364, 14.157700003124774, 10.263900010613725, 17.387500003678724, 17.00760002131574, 16.109899996081367, 17.438999988371506, 19.466300000203773, 19.77339998120442, 17.675200011581182, 18.62689998233691, 19.342000014148653, 17.814399994676933, 20.30080000986345, 23.232299980008975, 20.96610001171939, 18.287799990503117, 19.414000009419397, 15.121799980988726, 16.886600002180785, 24.302400008309633, 25.454699993133545, 34.83709998545237, 21.709299995563924, 21.170000021811575, 22.078100009821355, 23.84509998955764, 20.932500017806888, 21.99280000058934, 18.098400003509596, 17.991700005950406, 18.888599995989352, 18.353499996010214, 19.004200003109872, 19.397799973376095, 20.02530000754632, 15.322599996579811, 16.8441999994684, 15.172799990978092, 16.72449999023229, 17.533999984152615, 16.41620000009425, 16.556000016862527, 17.65329999034293, 18.537099997047335, 18.56440000119619, 20.963699993444607, 21.817700006067753, 21.01039999979548, 21.266099996864796, 19.442699995124713, 18.634500011103228, 17.63419999042526, 19.576000020606443, 19.880599982570857, 19.692900008521974, 18.604999990202487, 17.348499997751787, 17.731200001435354, 18.78949999809265, 20.47119999770075, 18.351499980781227, 16.95250000921078, 18.038999987766147, 16.4220999868121, 15.833400015253574], "ONNX Runtime (single)": [5.054400011431426, 7.950200000777841, 6.485999998403713, 6.340699997963384, 6.898899999214336, 6.20790000539273, 5.92490000417456, 6.08189997728914, 8.085800014669076, 5.79599998309277, 5.472799995914102, 6.287199998041615, 5.446499999379739, 6.301500019617379, 5.606999999145046, 4.871000011917204, 5.544599989661947, 5.581700010225177, 5.290499975671992, 5.3001999913249165, 5.43160000233911, 5.658600013703108, 5.169999989448115, 5.2463999891188, 5.480199994053692, 4.665999993449077, 5.249200010439381, 5.789000017102808, 5.895899987081066, 5.389099998865277, 4.527599987341091, 4.657600016798824, 5.0685000023804605, 5.1657999865710735, 5.086300021503121, 4.491100000450388, 4.353199998149648, 5.170399992493913, 4.318599996622652, 4.804500000318512, 5.9664000000339, 5.786299996543676, 5.589899985352531, 4.165799997281283, 5.060200026491657, 4.111599992029369, 5.638200003886595, 5.758699990110472, 6.1987999943085015, 4.910700023174286, 3.899399976944551, 3.962099988711998, 4.252700018696487, 4.894800018519163, 4.548199998680502, 3.976500011049211, 4.35150001430884, 4.956399992806837, 4.796599998371676, 4.640700004529208, 5.834400013554841, 5.3555000049527735, 4.949699999997392, 5.621499993139878, 5.430999997770414, 4.239600006258115, 4.956400021910667, 5.805900000268593, 5.519700003787875, 4.924199980450794, 4.317499988246709, 4.962900013197213, 4.025900008855388, 4.834699997445568, 4.822699993383139, 4.316699982155114, 4.202300013275817, 4.8460999969393015, 4.662100021960214, 4.4670999923255295, 5.630300001939759, 6.532700004754588, 4.724400001578033, 5.187200004002079, 5.864700011443347, 4.145900020375848, 5.362099997000769, 5.486000009113923, 5.260400008410215, 4.54249998438172, 4.849100019782782, 4.935000004479662, 4.365999979199842, 5.352499982109293, 4.768000013427809, 4.265099996700883, 4.749800020363182, 4.827199998544529, 4.458299983525649, 4.659800004446879], "ONNX + INT8 (single)": [2.6431999867781997, 3.7856000126339495, 5.572699999902397, 2.799700014293194, 3.0085000034887344, 2.9827999824192375, 2.513499988708645, 3.3801000099629164, 3.2338000019080937, 3.0168000084813684, 2.622300002258271, 2.1529000077862293, 2.6382000069133937, 2.264200011268258, 2.1046999900136143, 1.8229999986942858, 2.0920000097248703, 2.3927000002004206, 2.421499986667186, 2.3247999779414386, 3.0578000005334616, 3.3217000018339604, 2.4372999905608594, 2.670099987881258, 2.585100010037422, 2.307899994775653, 3.1824999896343797, 3.361500013852492, 3.534799994667992, 2.5191000022459775, 2.268100011860952, 3.0125000048428774, 2.775800006929785, 3.00470000365749, 3.101699985563755, 2.6111000042874366, 2.0367999968584627, 2.2481000050902367, 2.923499996541068, 2.688299980945885, 3.2060999947134405, 3.1885000062175095, 2.9134000069461763, 3.291100001661107, 2.9251000087242573, 2.6172000216320157, 3.0135000124573708, 3.1664000125601888, 3.2337000011466444, 2.8771999932359904, 2.7498999843373895, 3.11580000561662, 2.7034000086132437, 2.9685000190511346, 3.3078000124078244, 3.065900004003197, 3.3537999843247235, 4.416000010678545, 4.779499984579161, 4.2391000024508685, 5.403799994383007, 3.746100002899766, 2.981300000101328, 4.034000012325123, 2.752200001850724, 2.27280001854524, 2.4693000013940036, 2.722399978665635, 3.3859999966807663, 3.639900009147823, 2.746699989074841, 2.9614999948535115, 2.4719000211916864, 2.8000999882351607, 3.4313999931328, 2.4960000009741634, 2.3462999961338937, 2.6903999969363213, 2.5588000135030597, 2.3827000113669783, 3.3952000085264444, 2.7255000022705644, 2.3957999947015196, 2.4280000070575625, 2.511800004867837, 2.4696000036783516, 2.6735999854281545, 3.2263000030070543, 3.1278000096790493, 2.5205000129062682, 2.1684000093955547, 2.609999995911494, 2.3219999857246876, 2.694900002097711, 2.7402999985497445, 2.264700015075505, 2.283300011185929, 2.5033999991137534, 2.4415999941993505, 2.3649000213481486],